City,Lat,Lng,Max Temp,Humidity,Cloudiness,Wind Speed,Country,Date
Sørland,67.667,12.6934,35.91,82,100,27.04,NO,1610218781
Vyshneve,50.3891,30.3705,33.01,93,90,11.18,UA,1610218782
Barrow,71.2906,-156.7887,-2.2,78,90,8.05,US,1610218541
Chernyshevskiy,63.0128,112.4714,-26.9,85,24,3.65,RU,1610218785
Puerto Ayora,-0.7393,-90.3518,84.2,58,0,17.27,EC,1610218786
Thompson,55.7435,-97.8558,1.4,92,75,5.75,CA,1610218788
Tautira,-17.7333,-149.15,82.4,69,40,11.5,PF,1610218789
Padang,-0.9492,100.3543,77.0,88,90,3.44,ID,1610218790
Cape Town,-33.9258,18.4232,72.0,68,20,14.97,ZA,1610218791
Saint Paul Harbor,57.79,-152.4072,33.8,86,90,6.91,US,1610218793
Beringovskiy,63.05,179.3167,-18.02,85,100,11.39,RU,1610218794
Tsumeb,-19.2333,17.7167,72.07,75,100,15.7,NA,1610218795
Egvekinot,66.3167,-179.1667,-19.64,87,79,10.13,RU,1610218796
Lubao,14.9167,120.55,75.2,73,40,4.61,PH,1610218798
Departamento de Maldonado,-34.6667,-54.9167,75.0,68,75,6.91,UY,1610218799
Almenara,-16.1836,-40.6944,86.58,64,15,7.4,BR,1610218800
Hilo,19.7297,-155.09,71.6,78,90,4.61,US,1610218802
Jamestown,42.097,-79.2353,34.0,55,75,6.91,US,1610218803
Klaksvík,62.2266,-6.589,35.6,60,40,27.63,FO,1610218805
Dikson,73.5069,80.5464,-6.88,84,100,5.64,RU,1610218806
Qaanaaq,77.484,-69.3632,-1.37,77,3,4.72,GL,1610218807
Port-Gentil,-0.7193,8.7815,82.4,83,40,8.05,GA,1610218809
Ushuaia,-54.8,-68.3,60.8,31,40,5.75,AR,1610218810
Leon Valley,29.4952,-98.6186,53.01,61,90,10.36,US,1610218812
Krasnosel'kup,65.7,82.4667,-11.87,90,94,5.41,RU,1610218815
Punta Arenas,-53.15,-70.9167,51.8,66,75,13.8,CL,1610218817
Aklavik,68.2191,-135.0107,5.0,85,75,2.3,CA,1610218819
Paita,-5.0892,-81.1144,87.8,58,0,13.8,PE,1610218564
Shitkino,56.3703,98.3543,-0.24,91,100,5.1,RU,1610218821
Beira,-19.8436,34.8389,82.4,83,40,4.61,MZ,1610218823
Bluff,-46.6,168.3333,52.0,91,100,1.99,NZ,1610218824
Opuwo,-18.0607,13.84,66.02,75,28,13.04,NA,1610218826
Hualmay,-11.0964,-77.6139,76.21,68,16,12.33,PE,1610218828
Rikitea,-23.1203,-134.9692,77.88,76,100,13.27,PF,1610218829
Albany,42.6001,-73.9662,30.99,55,100,1.01,US,1610218696
Longyearbyen,78.2186,15.6401,23.0,74,75,17.27,SJ,1610218831
Puerto del Rosario,28.5004,-13.8627,62.6,51,40,16.11,ES,1610218584
Atuona,-9.8,-139.0333,77.99,73,100,17.54,PF,1610218834
Riyadh,24.6877,46.7219,57.2,72,0,5.75,SA,1610218555
Mar del Plata,-38.0023,-57.5575,80.6,47,0,11.5,AR,1610218751
Iqaluit,63.7506,-68.5145,10.4,79,90,10.36,CA,1610218815
San Cristobal,7.7669,-72.225,80.6,69,40,2.3,VE,1610218839
Busselton,-33.65,115.3333,66.99,81,82,3.0,AU,1610218840
Qasigiannguit,68.8193,-51.1922,21.2,42,40,20.71,GL,1610218841
Hobart,-42.8794,147.3294,55.4,88,90,3.44,AU,1610218842
Meulaboh,4.1363,96.1285,74.75,90,100,4.72,ID,1610218844
Hithadhoo,-0.6,73.0833,80.92,76,100,11.05,MV,1610218845
Darłowo,54.421,16.4107,36.0,10,91,6.8,PL,1610218662
Mataura,-46.1927,168.8643,52.0,91,56,1.99,NZ,1610218847
Reconquista,-29.15,-59.65,96.51,28,36,6.69,AR,1610218818
Fallon,39.4735,-118.7774,37.0,64,40,1.88,US,1610218850
Bengkulu,-3.8004,102.2655,75.27,87,100,5.1,ID,1610218851
Sola,-13.8833,167.55,75.2,100,40,3.38,VU,1610218852
Kruisfontein,-34.0033,24.7314,73.0,79,49,5.01,ZA,1610218854
Naze,28.3667,129.4833,48.81,73,100,15.01,JP,1610218855
Tefé,-3.3542,-64.7114,75.2,94,90,5.75,BR,1610218856
Brønnøysund,65.4625,12.1997,37.4,48,40,29.93,NO,1610218857
Kapaa,22.0752,-159.319,68.0,88,90,8.05,US,1610218859
Avarua,-21.2078,-159.775,78.8,83,20,4.61,CK,1610218860
Aquiraz,-3.9014,-38.3911,86.0,66,40,13.8,BR,1610218861
Andenes,69.3143,16.1194,30.2,69,100,18.41,NO,1610218863
Makakilo City,21.3469,-158.0858,68.0,88,1,3.44,US,1610218864
Nanortalik,60.1432,-45.2371,31.19,93,98,7.99,GL,1610218865
Tasiilaq,65.6145,-37.6368,15.8,48,20,1.14,GL,1610218867
Vaini,-21.2,-175.2,78.8,94,75,5.75,TO,1610218868
Muriti,-1.9833,32.9167,68.0,94,75,14.56,TZ,1610218870
Luanda,-8.8368,13.2343,78.8,78,75,6.91,AO,1610218871
Santa Isabel Rio Negro,-0.4139,-65.0192,81.99,84,91,2.01,BR,1610218873
Mehamn,71.0357,27.8492,15.82,93,33,15.43,NO,1610218874
Hermanus,-34.4187,19.2345,66.0,81,40,7.78,ZA,1610218875
George Town,5.4112,100.3354,80.6,78,20,5.75,MY,1610218876
George Town,5.4112,100.3354,80.6,78,20,5.75,MY,1610218876
Marabu,4.4148,114.0089,77.0,94,40,4.61,MY,1610218879
Bredasdorp,-34.5322,20.0403,69.8,64,23,12.66,ZA,1610218880
Usinsk,65.9939,57.5281,-9.58,90,21,8.37,RU,1610218881
Kang,-23.6752,22.7876,80.13,48,19,4.16,BW,1610218882
La Ronge,55.1001,-105.2842,6.8,85,0,2.3,CA,1610218884
Butaritari,3.0707,172.7902,81.48,79,94,20.51,KI,1610218885
Saint George,37.1041,-113.5841,52.0,39,1,5.75,US,1610218690
Cherskiy,68.75,161.3,-27.45,85,97,3.96,RU,1610218888
Saldanha,-33.0117,17.9442,68.0,68,0,14.97,ZA,1610218889
San Quintín,30.4833,-115.95,63.45,55,0,8.77,MX,1610218890
Monchegorsk,67.9397,32.8739,-2.16,92,74,5.17,RU,1610218891
Gisborne,-38.6533,178.0042,64.99,86,40,1.99,NZ,1610218892
Tuktoyaktuk,69.4541,-133.0374,6.8,85,75,9.22,CA,1610218894
Vao,-22.6667,167.4833,77.95,88,100,17.58,NC,1610218895
Pevek,69.7008,170.3133,-23.04,88,14,2.57,RU,1610218896
Mt. Pleasant,32.7941,-79.8626,52.0,66,75,10.36,US,1610218897
Yangi Marg`ilon,40.4272,71.7189,21.2,79,0,4.61,UZ,1610218898
Tabou,4.423,-7.3528,80.06,80,14,7.2,CI,1610218900
Pataias,39.6698,-8.9958,42.8,61,40,3.44,PT,1610218901
Kantunilkín,21.0917,-87.45,75.2,57,40,13.8,MX,1610218902
Cayenne,4.9333,-52.3333,80.6,94,75,11.5,GF,1610218903
Batagay-Alyta,67.8006,130.4114,-22.52,85,100,3.83,RU,1610218904
Aloleng,16.1307,119.7824,74.41,72,48,8.75,PH,1610218906
Mayor Pablo Lagerenza,-19.9309,-60.7718,101.28,28,11,14.29,PY,1610218907
Pozo Colorado,-23.4923,-58.7972,94.78,43,97,5.19,PY,1610218908
Sayansk,54.1088,102.1648,-9.06,88,100,1.92,RU,1610218909
Sādri,25.1833,73.4333,62.19,66,2,5.3,IN,1610218911
Ribeira Grande,38.5167,-28.7,59.0,58,75,14.97,PT,1610218912
Humaitá,-7.5061,-63.0208,82.96,79,100,5.3,BR,1610218913
Narsaq,60.9167,-46.05,41.0,38,75,23.02,GL,1610218914
Santa Rosa,14.3122,121.1114,77.0,73,75,1.14,PH,1610218915
Talaya,61.3833,152.75,-24.7,83,100,3.49,RU,1610218917
Port Blair,11.6667,92.75,79.93,80,86,10.69,IN,1610218918
Nioro,13.35,-15.75,86.77,23,0,8.81,GM,1610218919
Marawi,7.9986,124.2928,75.0,93,94,5.01,PH,1610218920
Bayangol,50.6977,103.4656,-14.75,84,94,2.8,RU,1610218922
Umluj,25.0213,37.2685,75.69,59,0,5.41,SA,1610218923
Vacaria,-28.5122,-50.9339,89.01,14,1,3.36,BR,1610218924
Calama,-22.4667,-68.9333,75.2,19,0,25.32,CL,1610218629
Yellowknife,62.456,-114.3525,10.4,85,75,6.91,CA,1610218809
Port Elizabeth,-33.918,25.5701,71.6,88,40,17.27,ZA,1610218928
Fortuna,40.5982,-124.1573,53.01,81,1,6.91,US,1610218929
Batticaloa,7.7102,81.6924,75.16,90,99,8.93,LK,1610218930
Touros,-5.1989,-35.4608,86.0,58,40,16.11,BR,1610218931
Phalaborwa,-23.943,31.1411,78.8,78,89,3.44,ZA,1610218866
Urengoy,65.9667,78.3667,-9.89,90,100,6.06,RU,1610218934
Namtsy,62.7161,129.6658,-47.2,59,100,3.8,RU,1610218935
Kaitangata,-46.2817,169.8464,53.01,87,18,4.0,NZ,1610218937
Songea,-10.6833,35.65,69.8,88,40,3.09,TZ,1610218938
Castro,-24.7911,-50.0119,74.95,86,95,6.24,BR,1610218939
Vysokogornyy,50.1167,139.15,-27.47,83,96,3.44,RU,1610218940
Nantucket,41.2835,-70.0995,34.0,80,90,17.27,US,1610218918
Airai,-8.9266,125.4092,62.35,100,100,0.13,TL,1610218943
Itaituba,-4.2761,-55.9836,89.6,62,40,4.61,BR,1610218944
Sorong,-0.8833,131.25,81.45,79,57,6.31,ID,1610218945
Granada,37.1882,-3.6067,41.0,70,20,6.91,ES,1610218946
Arraial do Cabo,-22.9661,-42.0278,86.0,70,20,11.5,BR,1610218805
Saint-Médard-en-Jalles,44.8969,-0.7214,37.4,70,0,13.8,FR,1610218949
Makkah al Mukarramah,21.4267,39.8261,73.69,67,0,1.54,SA,1610218950
Kaniama,-7.5667,24.1833,64.26,92,50,1.16,CD,1610218951
Smithers,54.7804,-127.1743,17.6,93,75,3.44,CA,1610218796
Nouadhibou,20.931,-17.0347,68.0,64,0,20.71,MR,1610218954
Kavieng,-2.5744,150.7967,81.84,76,97,9.84,PG,1610218955
Khatanga,71.9667,102.5,-29.22,86,95,2.08,RU,1610218956
Dalbandin,28.8947,64.4101,38.07,56,0,5.86,PK,1610218957
Conde,-7.2597,-34.9075,84.2,70,75,10.36,BR,1610218958
Kemin,42.7846,75.6892,21.43,67,0,9.95,KG,1610218960
Clyde River,70.4692,-68.5914,1.4,78,75,8.05,CA,1610218961
Rosário Oeste,-14.8361,-56.4275,98.44,38,7,2.62,BR,1610218962
Marsabit,2.3284,37.9899,69.73,45,7,6.24,KE,1610218963
Codrington,-38.2667,141.9667,55.54,82,0,6.26,AU,1610218964
Caucaia,-3.7361,-38.6531,86.0,66,40,13.8,BR,1610218686
Slave Lake,55.2834,-114.769,5.0,85,0,6.91,CA,1610218801
Richards Bay,-28.783,32.0377,73.67,77,0,9.4,ZA,1610218682
Rūdbār,30.15,62.6,37.18,58,0,0.4,AF,1610218878
Tocopilla,-22.092,-70.1979,73.67,56,49,10.04,CL,1610218816
Acoyapa,11.9703,-85.1711,86.0,58,40,6.91,NI,1610218972
Fairbanks,64.8378,-147.7164,1.4,85,75,3.8,US,1610218805
Tselinnoye,53.0833,85.6667,-2.0,88,100,8.86,RU,1610218974
Serebryanyy Bor,56.8,124.8,-10.86,88,100,8.21,RU,1610218975
Hasaki,35.7333,140.8333,24.8,80,20,2.3,JP,1610218977
Udachny,66.4167,112.4,-25.78,84,100,5.7,RU,1610218869
Shahr-e Kord,32.3256,50.8644,19.4,42,0,4.61,IR,1610218979
Ghanzi,-21.5667,21.7833,79.34,59,58,5.03,BW,1610218980
Bethel,41.3712,-73.414,30.99,51,20,16.11,US,1610218981
Port Alfred,-33.5906,26.891,73.99,90,57,5.01,ZA,1610218982
Lukaya,-0.1489,31.8748,69.78,76,100,6.89,UG,1610218984
Pangnirtung,66.1451,-65.7125,6.8,56,90,0.65,CA,1610218985
Mokhotlong,-29.2894,29.0675,60.75,73,68,2.3,LS,1610218986
Agadez,19.75,10.25,71.92,20,0,5.55,NE,1610218987
Ранковце,42.1696,22.1162,37.4,87,90,4.61,MK,1610218989
Aykhal,66.0,111.5,-28.39,83,98,7.63,RU,1610218990
Provideniya,64.3833,-173.3,-7.82,83,0,7.16,RU,1610218991
Saskylakh,71.9167,114.0833,-20.72,86,100,10.71,RU,1610218992
Yorosso,12.3536,-4.7761,82.0,14,0,1.97,ML,1610218993
New Norfolk,-42.7826,147.0587,55.0,69,16,2.53,AU,1610218995
Los Llanos de Aridane,28.6585,-17.9182,60.8,59,20,10.36,ES,1610218996
Chāndbāli,20.7833,86.7667,68.94,75,0,5.66,IN,1610218997
Seydişehir,37.4193,31.8453,43.02,75,100,3.58,TR,1610218998
Tiksi,71.6872,128.8694,-18.24,88,100,7.99,RU,1610219000
Geraldton,-28.7667,114.6,73.4,83,73,8.05,AU,1610219001
Hinton,53.4001,-117.5857,23.0,86,47,2.3,CA,1610219002
Praia,14.9215,-23.5087,73.4,64,75,24.16,CV,1610219003
Amga,60.8953,131.9608,-33.39,81,100,1.48,RU,1610219005
Hong Kong,22.2855,114.1577,55.0,40,91,11.41,HK,1610218729
Dīdwāna,27.4,74.5667,59.45,47,0,8.25,IN,1610219007
Dunedin,-45.8742,170.5036,53.74,73,15,4.41,NZ,1610219008
Bara,10.3744,10.7288,78.21,18,0,8.84,NG,1610219010
Okhotsk,59.3833,143.3,-13.22,84,100,9.46,RU,1610219011
Faanui,-16.4833,-151.75,81.07,71,5,13.02,PF,1610219012
Norman Wells,65.282,-126.8329,3.2,85,75,3.44,CA,1610219013
Caravelas,-17.7125,-39.2481,83.41,67,0,12.75,BR,1610219014
Kudahuvadhoo,2.6708,72.8944,81.46,77,100,9.82,MV,1610219016
Carnarvon,-24.8667,113.6333,80.6,74,87,13.8,AU,1610219017
Kautokeino,69.0125,23.0412,3.88,93,100,13.78,NO,1610219018
Ürümqi,43.801,87.6005,-2.2,84,89,1.95,CN,1610219019
Rurrenabaque,-14.4413,-67.5278,93.2,62,40,6.91,BO,1610219021
Sete Lagoas,-19.4658,-44.2467,86.0,58,75,3.44,BR,1610219023
Mussomeli,37.5778,13.7513,55.0,97,100,4.79,IT,1610219024
Malindi,-3.2175,40.1191,77.97,83,54,12.3,KE,1610219025
Kiryat Gat,31.61,34.7642,62.01,64,24,1.03,IL,1610219026
Kortkeros,61.8106,51.5806,14.0,92,90,4.47,RU,1610219028
Oktyabr'skoye,43.0645,44.7417,32.0,86,99,6.71,RU,1610219029
Wolfeboro,43.584,-71.2073,32.0,55,20,6.91,US,1610219030
Deputatsky,69.3,139.9,-19.95,89,100,2.48,RU,1610219031
Wilmington,34.2257,-77.9447,51.01,46,1,13.8,US,1610218812
Vila Velha,-20.3297,-40.2925,89.01,70,20,19.57,BR,1610219034
Phayao,19.25,100.25,62.67,66,22,3.04,TH,1610219035
Maceió,-9.6658,-35.7353,86.0,62,0,9.22,BR,1610219036
Hibbing,47.4272,-92.9377,25.0,93,90,6.91,US,1610219038
Santa Marta,11.2408,-74.199,87.01,67,93,4.0,CO,1610218780
Redlands,34.0556,-117.1825,66.0,25,1,3.8,US,1610218753
Chokurdakh,70.6333,147.9167,-26.3,87,100,1.97,RU,1610219041
Safford,32.834,-109.7076,54.0,19,1,4.61,US,1610218793
Carroll,39.5501,-77.0164,42.01,33,1,10.36,US,1610219044
Angoche,-16.2325,39.9086,82.42,77,100,7.92,MZ,1610219045
Srednekolymsk,67.45,153.6833,-29.04,83,69,4.68,RU,1610219046
Champerico,14.3,-91.9167,87.8,55,40,6.91,GT,1610219047
Vardø,70.3705,31.1107,22.33,93,100,14.27,NO,1610219049
Inhambane,-23.865,35.3833,80.6,69,40,2.3,MZ,1610219050
Lieksa,63.3167,30.0167,2.37,94,77,6.35,FI,1610219051
Ilo,-17.6394,-71.3375,75.2,69,0,11.5,PE,1610219052
Lavrentiya,65.5833,-171.0,-12.62,85,0,4.09,RU,1610219054
Mahébourg,-20.4081,57.7,78.8,94,75,11.5,MU,1610219055
Ayan,56.45,138.1667,-8.01,79,100,6.31,RU,1610219056
Pacific Grove,36.6177,-121.9166,57.99,71,1,3.44,US,1610219057
Woodward,36.4337,-99.3904,37.4,87,90,8.05,US,1610219059
Balabac,7.9868,117.0645,81.82,80,100,22.44,PH,1610219060
Esperance,-33.8667,121.9,77.0,41,100,16.11,AU,1610219061
Kieta,-6.2167,155.6333,79.63,74,100,1.81,PG,1610219062
Avera,33.194,-82.5271,48.2,65,90,6.91,US,1610219064
São Filipe,14.8961,-24.4956,73.4,74,3,18.72,CV,1610219065
Ponta do Sol,32.6667,-17.1,53.01,73,62,3.0,PT,1610219066
Mana,5.6592,-53.7767,79.65,85,100,13.29,GF,1610219067
Neiafu,-18.65,-173.9833,80.6,83,40,11.5,TO,1610219069
Saint-Philippe,-21.3585,55.7679,78.8,89,75,18.41,RE,1610219070
Biryusinsk,55.9634,97.8235,0.84,91,100,4.94,RU,1610219071
Houndé,11.5,-3.5167,85.15,13,0,3.8,BF,1610219072
Kailua,21.4022,-157.7394,73.4,83,20,3.44,US,1610219073
Ilhabela,-23.7781,-45.3581,79.7,83,67,6.33,BR,1610219075
Ekhabi,53.5102,142.9671,-20.34,88,61,8.52,RU,1610219076
Tūkrah,32.5341,20.5791,68.7,45,0,9.46,LY,1610219077
Bathsheba,13.2167,-59.5167,84.2,70,40,18.41,BB,1610219078
Dinguiraye,11.3,-10.7167,82.02,17,100,1.54,GN,1610219080
Hofn,64.2539,-15.2082,20.14,81,0,11.88,IS,1610219081
Batemans Bay,-35.7167,150.1833,57.99,95,0,1.01,AU,1610219082
Sarangani,5.4033,125.4636,81.72,76,4,6.33,PH,1610219083
Pisco,-13.7,-76.2167,75.2,73,0,13.8,PE,1610219084
Katherine,-14.4667,132.2667,80.6,78,100,5.75,AU,1610219086
Meïganga,6.5167,14.3,73.36,21,100,7.09,CM,1610219087
Bereda,43.2686,-7.5406,37.0,99,100,14.0,ES,1610219088
Rianxo,42.6498,-8.8176,46.0,59,100,8.01,ES,1610219089
Oddur,4.1213,43.8894,76.06,30,0,13.6,SO,1610219091
Punta de Bombón,-17.1717,-71.7931,73.31,70,90,8.61,PE,1610219092
Lagoa,39.05,-27.9833,56.01,58,100,5.41,PT,1610219093
Luau,-10.7073,22.2247,66.11,96,99,4.54,AO,1610219094
Broome,42.2506,-75.833,32.0,43,20,14.97,US,1610219096
Phan Thiet,10.9333,108.1,69.24,81,77,11.56,VN,1610219097
Tuatapere,-46.1333,167.6833,52.0,91,100,1.99,NZ,1610219098
Souillac,-20.5167,57.5167,78.8,94,75,11.5,MU,1610219099
Saint-Pierre,-21.3393,55.4781,78.8,89,75,18.41,RE,1610219100
Anloga,5.7947,0.8973,82.4,78,20,11.5,GH,1610219102
Chapais,49.7834,-74.8492,15.8,92,90,10.36,CA,1610219104
Berlevåg,70.8578,29.0864,16.88,93,27,16.15,NO,1610219105
Presidencia Roque Sáenz Peña,-26.7852,-60.4388,96.01,39,35,1.99,AR,1610219106
Sabzawār,36.2126,57.6819,34.11,62,0,0.34,IR,1610219107
Cap Malheureux,-19.9842,57.6142,79.0,84,0,3.0,MU,1610219109
Port Hardy,50.6996,-127.4199,42.8,75,90,27.63,CA,1610219110
Nikolskoye,59.7035,30.7861,8.01,85,0,6.71,RU,1610219111
Belmonte,-15.8631,-38.8828,84.2,79,75,11.5,BR,1610219112
Sechura,-5.5569,-80.8222,80.67,55,18,14.67,PE,1610219114
Severo-Kuril'sk,50.6789,156.125,20.73,86,93,10.18,RU,1610219115
Antalaha,-14.9003,50.2788,76.08,86,4,4.05,MG,1610219116
Kemijärvi,66.7131,27.4306,2.14,93,83,3.96,FI,1610219117
Río Gallegos,-51.6226,-69.2181,62.6,34,40,11.5,AR,1610219118
Moroni,-11.7022,43.2551,80.91,78,70,12.15,KM,1610219120
Santos Dumont,-21.4567,-43.5525,71.6,83,40,4.61,BR,1610218921
Tieling,42.2931,123.8414,3.49,88,100,4.85,CN,1610219122
Lithakia,37.7167,20.8333,64.4,94,75,8.05,GR,1610219123
Kofelē,7.0667,38.7833,50.68,74,2,2.98,ET,1610219124
Esso,55.9333,158.7,5.32,88,100,3.89,RU,1610219126
Mount Isa,-20.7333,139.5,77.0,53,0,5.75,AU,1610219001
East London,-33.0153,27.9116,77.0,69,0,17.27,ZA,1610219114
Rocha,-34.4833,-54.3333,76.66,41,100,11.45,UY,1610219130
Comodoro Rivadavia,-45.8667,-67.5,71.6,24,75,24.16,AR,1610219130
Soubre,5.7856,-6.6083,78.78,78,43,5.79,CI,1610219132
Iquique,-20.2208,-70.1431,75.2,57,0,17.27,CL,1610219133
Itarema,-2.9248,-39.9167,85.05,60,13,16.78,BR,1610219135
Lerwick,60.1545,-1.1494,39.2,65,75,25.32,GB,1610219136
Freeport,40.6576,-73.5832,37.99,44,1,10.36,US,1610218953
Ilulissat,69.2167,-51.1,21.2,42,40,20.71,GL,1610219130
Kui Buri,12.0828,99.8543,73.36,74,0,5.39,TH,1610219139
Maniitsoq,65.4167,-52.9,23.41,83,99,12.86,GL,1610219141
Nadym,65.5333,72.5167,-8.01,91,87,4.85,RU,1610219142
Alice,27.7523,-98.0697,57.2,58,90,8.05,US,1610219143
Waingapu,-9.6567,120.2641,80.17,77,100,2.08,ID,1610219144
Kushima,31.4583,131.2333,30.0,80,1,8.99,JP,1610219146
Chermoz,58.787,56.1489,1.81,93,90,5.95,RU,1610219147
Carson City,39.1638,-119.7674,37.0,59,1,1.41,US,1610218868
Boyolangu,-8.1181,111.8935,75.85,87,100,2.55,ID,1610219149
Polunochnoye,60.8697,60.4153,-13.61,90,97,4.36,RU,1610219151
Maposeni,-10.5833,35.4,69.8,88,40,4.45,TZ,1610219152
Auki,-8.7676,160.7034,78.06,83,100,2.84,SB,1610219153
Rawson,-43.3002,-65.1023,78.46,19,32,18.63,AR,1610219154
Praia da Vitória,38.7333,-27.0667,57.2,72,20,4.29,PT,1610219155
Lake Shasta,40.6804,-122.3708,55.0,40,100,1.01,US,1610219157
Emerald,-23.5333,148.1667,66.2,100,90,13.8,AU,1610219158
Galle,6.0367,80.217,75.36,89,100,3.91,LK,1610219159
Chui,-33.6971,-53.4616,73.15,55,100,11.63,UY,1610219160
Petukhovo,55.0692,67.9019,9.36,95,100,12.26,RU,1610219161
Chara,56.9064,118.2631,-12.8,75,91,3.74,RU,1610219108
Mastic Beach,40.7668,-72.8521,36.0,44,1,10.36,US,1610219164
Mayo,38.8876,-76.5119,45.0,33,1,13.8,US,1610219165
Guerrero Negro,27.9769,-114.0611,68.99,45,0,7.29,MX,1610219166
Adré,13.4667,22.2,70.23,21,0,13.49,TD,1610219167
Ust-Kuyga,70.0167,135.6,-20.4,85,100,4.03,RU,1610219169
Maningrida,-12.0667,134.2667,79.63,84,100,6.46,AU,1610219170
Los Andes,-32.8337,-70.5983,82.99,66,84,3.0,CL,1610219171
Bonoua,5.2741,-3.595,82.4,89,0,9.22,CI,1610219172
Huarmey,-10.0681,-78.1522,76.17,67,3,12.15,PE,1610219173
Ugoofaaru,5.6667,73.0,82.4,71,75,6.4,MV,1610219175
Vostok,46.4856,135.8833,-19.53,87,100,3.65,RU,1610219176
Xuzhou,34.1805,117.1571,27.63,68,100,2.21,CN,1610219177
Jacqueville,5.2052,-4.4146,82.4,89,0,9.22,CI,1610219178
Porbandar,21.6422,69.6093,67.33,51,5,13.27,IN,1610219180
Isil'kul',54.9109,71.2728,12.92,96,100,12.8,RU,1610219181
Charters Towers,-20.1,146.2667,71.94,88,100,12.66,AU,1610219182
Altamont,42.2068,-121.7372,30.0,100,90,4.25,US,1610219110
Portland,45.5234,-122.6762,45.0,75,75,4.03,US,1610219116
São João da Barra,-21.6403,-41.0511,86.0,66,20,16.11,BR,1610219118
Mineiros,-17.5694,-52.5511,85.53,58,100,3.36,BR,1610219187
Hellín,38.5106,-1.701,39.0,100,90,5.75,ES,1610219155
Intipucá,13.1969,-88.0544,91.4,40,0,3.44,SV,1610219189
Alyangula,-13.8483,136.4192,78.8,100,75,2.3,AU,1610219135
Gizo Government Station,-8.103,156.8419,83.41,73,90,7.63,SB,1610219192
Vila Franca do Campo,37.7167,-25.4333,53.6,58,20,6.91,PT,1610219193
Torbay,47.6666,-52.7314,36.0,86,90,19.57,CA,1610219116
Baltay,52.4652,46.6308,35.35,96,100,10.36,RU,1610219195
Sinnamary,5.3833,-52.95,79.57,85,100,14.72,GF,1610219197
Camacha,33.0833,-16.3333,57.2,54,40,24.16,PT,1610219198
Manyana,-23.4,21.7167,72.23,75,99,13.24,BW,1610219199
Vaitape,-16.5167,-151.75,81.09,71,0,12.93,PF,1610219201
Sura,53.8879,45.7419,31.06,98,100,10.04,RU,1610219202
Moscow,55.7522,37.6156,21.99,86,90,11.18,RU,1610219098
Bandarbeyla,9.4942,50.8122,74.25,72,4,25.26,SO,1610219204
Alto de La Estancia,8.6,-80.1667,86.0,62,40,12.66,PA,1610219206
Mount Gambier,-37.8333,140.7667,51.8,100,0,3.96,AU,1610219207
Ahipara,-35.1667,173.1667,65.12,85,96,5.68,NZ,1610219208
San Patricio,28.017,-97.5169,55.4,67,90,9.22,US,1610219209
Nelson Bay,-32.7167,152.15,62.01,100,75,4.61,AU,1610219210
Francavilla Fontana,40.5306,17.5852,51.01,87,75,3.44,IT,1610219212
Valley City,46.9233,-98.0032,30.2,100,90,5.75,US,1610219213
Seoul,37.5683,126.9778,5.0,72,0,2.3,KR,1610219048
Kinablangan,7.6947,126.5503,78.15,77,1,4.7,PH,1610219215
Bertoua,4.5833,13.6833,74.35,30,100,0.29,CM,1610219216
Fort Dodge,42.4975,-94.168,21.2,86,90,5.75,US,1610219056
Dongsheng,39.8161,109.9776,3.38,75,5,8.86,CN,1610219219
Husavik,66.0449,-17.3389,24.8,74,90,6.91,IS,1610219220
Qui Nhon,13.7667,109.2333,70.47,85,99,19.46,VN,1610218928
Lorengau,-2.0226,147.2712,81.43,69,100,3.91,PG,1610219222
Agen,44.2,0.6333,35.6,75,0,4.61,FR,1610219224
Cabo San Lucas,22.8909,-109.9124,75.0,46,1,9.22,MX,1610219225
Tarata,-17.6167,-66.0167,75.2,38,40,3.44,BO,1610219226
Hamilton,39.1834,-84.5333,35.01,64,75,3.78,US,1610219227
Ancud,-41.8697,-73.8203,59.0,87,75,13.8,CL,1610219229
Nuevitas,21.5453,-77.2644,77.0,65,75,13.8,CU,1610219230
Adelaide,-34.9333,138.6,71.6,53,0,4.61,AU,1610219121
Upernavik,72.7868,-56.1549,9.91,82,10,11.12,GL,1610219232
Bauchi,10.5,10.0,76.86,19,70,5.35,NG,1610219044
Vallenar,-28.5708,-70.7581,87.33,20,0,11.86,CL,1610219235
Salinópolis,-0.6136,-47.3561,83.71,72,86,11.61,BR,1610218972
Baykit,61.67,96.37,-5.91,87,100,2.64,RU,1610219237
Znamenskoye,57.1281,73.8282,3.58,95,100,3.29,RU,1610219238
Ponta Delgada,37.7333,-25.6667,53.6,58,20,6.91,PT,1610219240
Margate,51.3813,1.3862,37.0,98,0,7.18,GB,1610219164
Makassar,-5.14,119.4221,75.2,100,20,4.61,ID,1610219242
Turinsk,58.0458,63.696,-1.66,93,99,6.2,RU,1610219243
Jiayuguan City,39.8167,98.3,6.15,86,100,4.83,CN,1610219244
Aykino,62.2248,49.9922,2.23,94,84,5.19,RU,1610219246
Verkhnyaya Inta,65.9811,60.3094,-3.8,89,0,8.23,RU,1610219247
Camocim,-2.9022,-40.8411,85.95,60,92,21.36,BR,1610219105
Lincoln,40.8,-96.667,30.99,80,90,5.37,US,1610219249
Babu,24.4167,111.5167,42.85,53,100,5.3,CN,1610219250
Morros,-9.4467,-46.3003,90.3,42,100,1.97,BR,1610219252
Balikpapan,-1.2675,116.8289,75.81,91,75,2.82,ID,1610219253
Santa Lucía,27.9117,-15.5407,62.01,59,40,13.8,ES,1610219254
Dali,25.7,100.1833,42.93,68,84,5.1,CN,1610219255
Yulara,-25.2406,130.9889,75.2,25,0,5.75,AU,1610219256
Kushmurun,52.4503,64.6311,10.36,95,100,16.44,KZ,1610219258
Healdsburg,38.6105,-122.8692,54.0,71,40,3.44,US,1610219259
Sirte,31.2089,16.5887,74.35,34,0,13.22,LY,1610219260
Waldoboro,44.0954,-69.3756,32.0,69,90,9.22,US,1610219261
Raudeberg,61.9875,5.1352,34.0,93,100,26.02,NO,1610219262
Ossora,59.2353,163.0719,5.47,83,100,9.26,RU,1610219264
Mosquera,4.7059,-74.2302,62.6,59,75,5.75,CO,1610219016
Leshan,29.5623,103.7639,37.72,88,93,3.65,CN,1610219266
Sault Ste. Marie,46.5168,-84.3333,32.0,86,90,4.38,CA,1610219267
Qeshm,26.9581,56.2719,53.6,16,20,6.91,IR,1610219268
Burla,21.5,83.8667,71.33,53,0,3.89,IN,1610219270
Arlit,18.7369,7.3853,79.43,15,0,10.6,NE,1610219271
Mariehamn,60.0973,19.9348,28.4,86,90,2.3,AX,1610219272
Shar,49.5886,81.0453,-1.03,86,73,10.33,KZ,1610219273
Talnakh,69.4865,88.3972,-25.85,84,19,0.54,RU,1610219275
Boundiali,9.5217,-6.4869,87.44,28,37,4.54,CI,1610219276
Basoko,1.2391,23.616,77.27,68,0,2.42,CD,1610219125
Quatre Cocos,-20.2078,57.7625,79.0,94,75,11.5,MU,1610219278
Marabá,-5.3686,-49.1178,89.6,62,40,5.75,BR,1610219280
Victoria Point,-27.5833,153.3,71.01,74,69,8.01,AU,1610219281
Jumla,29.2747,82.1838,37.74,55,89,2.8,NP,1610218983
Podyuga,61.095,40.8647,-9.65,90,45,4.52,RU,1610219283
Oussouye,12.485,-16.5469,87.8,69,0,16.11,SN,1610219285
Bam,29.106,58.357,42.21,40,0,4.47,IR,1610219286
Strezhevoy,60.7333,77.5889,-13.0,77,75,2.24,RU,1610219287
Masindi,1.6744,31.715,72.41,55,64,5.21,UG,1610219288
Bereket,39.2446,55.5154,34.07,82,99,6.04,TM,1610219289
Beïnamar,8.6698,15.3813,77.67,18,100,1.05,TD,1610219291
Rock Sound,24.9,-76.2,68.59,71,78,17.76,BS,1610219292
Sittwe,20.15,92.9,70.54,63,0,2.73,MM,1610219244
Constitución,-35.3333,-72.4167,63.5,52,0,17.29,CL,1610219294
Maragogi,-9.0122,-35.2225,81.39,70,95,12.71,BR,1610219269
Cockburn Town,21.4612,-71.1419,80.6,74,75,5.75,TC,1610219297
Amalfi,6.9102,-75.0776,68.29,95,73,2.33,CO,1610219298
Samaná,19.2056,-69.3369,86.0,74,20,6.91,DO,1610219299
Pangai,-19.8,-174.35,78.8,100,20,9.22,TO,1610219300
Castlemaine,-37.0667,144.2167,63.0,46,99,2.1,AU,1610219025
Matamoros,25.5333,-103.25,66.2,24,1,3.18,MX,1610219017
Grindavik,63.8424,-22.4338,23.0,100,90,5.75,IS,1610219201
Aktyubinskiy,54.8137,52.8056,15.58,98,100,5.7,RU,1610219305
Laguna,38.421,-121.4238,51.01,71,1,8.05,US,1610219307
Esil,51.9556,66.4042,8.92,90,100,17.78,KZ,1610219308
Lebu,-37.6167,-73.65,60.49,59,0,9.06,CL,1610219309
Haines Junction,60.7522,-137.5108,21.2,86,100,1.14,CA,1610219310
Amapá,1.0,-52.0,80.01,90,100,4.81,BR,1610219312
Yar-Sale,66.8333,70.8333,-10.5,90,90,11.56,RU,1610219313
Kontagora,10.3999,5.4695,83.21,14,0,6.22,NG,1610219314
Kamaishi,39.2667,141.8833,25.38,88,7,12.19,JP,1610219241
Tomatlán,19.9333,-105.25,87.39,40,38,7.43,MX,1610219316
Banda Aceh,5.5577,95.3222,77.74,78,100,3.4,ID,1610219170
Buraidah,26.326,43.975,59.0,100,20,8.05,SA,1610219281
São Félix do Xingu,-6.6447,-51.995,88.86,55,100,4.83,BR,1610219256
Niagara Falls,43.1001,-79.0663,37.99,51,1,8.05,CA,1610219163
Copiapó,-27.3667,-70.3333,69.8,56,0,12.66,CL,1610219322
Ekpoma,6.7421,6.139,78.8,63,1,4.65,NG,1610219324
Koumac,-20.5667,164.2833,80.26,81,100,7.25,NC,1610219325
Katsuura,35.1333,140.3,32.0,55,0,5.75,JP,1610219326
Birao,10.2849,22.7882,76.08,18,72,8.03,CF,1610219141
Lüderitz,-26.6481,15.1594,71.78,52,0,27.29,NA,1610219183
Christchurch,-43.5333,172.6333,57.99,94,90,14.97,NZ,1610219254
Santa Maria,-29.6842,-53.8069,96.49,23,14,4.94,BR,1610219329
Noumea,-22.2763,166.4572,81.0,94,75,2.3,NC,1610219332
Lixouri,38.2019,20.4314,64.4,94,75,8.05,GR,1610219333
Dmytrivka,45.9717,28.9864,34.72,86,98,1.88,UA,1610219334
Kulhudhuffushi,6.6221,73.07,82.06,76,22,10.47,MV,1610219336
Westport,41.1415,-73.3579,35.6,44,1,12.66,US,1610219308
Isiolo,0.3546,37.5822,69.42,62,70,2.3,KE,1610219338
Olafsvik,64.8945,-23.7142,28.71,93,100,11.18,IS,1610219339
Leningradskiy,69.3833,178.4167,-21.51,83,40,4.18,RU,1610219341
Phang Nga,8.4509,98.5298,77.0,83,20,2.3,TH,1610219342
Ust'ye,59.6304,39.736,-5.08,91,55,6.15,RU,1610219343
Tomohon,1.3346,124.8392,75.2,94,20,2.3,ID,1610219345
Ulaangom,49.9811,92.0667,-32.1,81,27,1.5,MN,1610219346
Yārāda,17.65,83.2667,69.8,94,0,2.3,IN,1610219348
Isangel,-19.55,169.2667,77.0,100,75,3.78,VU,1610219349
Cidreira,-30.1811,-50.2056,81.07,66,0,12.97,BR,1610219087
Linxia Chengguanzhen,35.6003,103.2064,10.8,68,3,3.51,CN,1610219351
Altay,47.8667,88.1167,-6.52,78,21,2.57,CN,1610219352
Kargopol',61.5071,38.9456,-13.29,89,81,3.62,RU,1610219354
Bambous Virieux,-20.3428,57.7575,79.0,94,75,11.5,MU,1610219355
Gorakhpur,29.45,75.6833,54.41,45,0,8.1,IN,1610219356
Hobyo,5.3505,48.5268,75.83,68,0,23.04,SO,1610219357
Vung Tau,10.346,107.0843,74.7,77,8,17.25,VN,1610219358
Agua Fría,13.4689,-87.5511,93.2,40,0,3.44,HN,1610219360
Pimenta Bueno,-11.6725,-61.1936,93.83,45,44,4.45,BR,1610219361
Ishim,56.1128,69.4902,9.55,95,100,8.05,RU,1610219362
Takoradze,4.8845,-1.7554,80.38,83,3,9.98,GH,1610219222
Grójec,51.8625,20.8676,32.0,99,100,11.83,PL,1610219365
Hyères,43.1167,6.1167,48.2,53,90,14.97,FR,1610219366
Omboué,-1.5746,9.2618,78.58,88,15,5.46,GA,1610219367
Atar,20.5169,-13.0499,68.9,32,5,11.65,MR,1610219368
Byron Bay,-28.65,153.6167,70.0,94,90,8.05,AU,1610219369
Outjo,-20.1167,16.15,67.95,81,100,19.86,NA,1610219371
Baturaja,-4.1333,104.1667,72.59,96,100,1.45,ID,1610219372
Teguise,29.0605,-13.564,60.8,59,40,10.36,ES,1610219373
Reftinskiy,57.0901,61.6769,1.4,85,40,4.47,RU,1610219241
Mikuni,36.2171,136.1519,35.6,93,90,20.71,JP,1610219375
Marystown,47.1666,-55.1483,35.51,83,99,18.43,CA,1610219145
Varkala,8.7341,76.7067,80.6,94,40,6.76,IN,1610219378
Hashtrūd,37.4779,47.0508,18.46,78,99,0.69,IR,1610219379
Naushki,50.3828,106.1056,-9.87,84,89,3.22,RU,1610219380
Mogadishu,2.0371,45.3438,76.71,77,0,24.76,SO,1610219381
Aksarka,66.5606,67.7975,-10.77,90,100,13.27,RU,1610219383
Mikkeli,61.6886,27.2723,13.59,96,92,2.82,FI,1610219384
Boende,-0.2167,20.8667,72.16,93,44,2.77,CD,1610219385
Goderich,43.7501,-81.7165,33.8,60,100,4.61,CA,1610219386
Sunland Park,31.7965,-106.58,54.0,30,1,5.75,US,1610219114
Caucayá,-0.1934,-74.7819,87.96,50,6,5.41,CO,1610219389
Cortez,37.3489,-108.5859,37.99,44,1,5.75,US,1610219249
Palana,59.1167,159.9667,11.55,92,100,12.15,RU,1610219391
Leh,34.1667,77.5833,2.68,63,0,0.6,IN,1610219392
Malbork,54.0359,19.0266,30.99,100,93,2.51,PL,1610219393
Jiancheng,30.391,104.5491,39.99,81,40,2.64,CN,1610219395
Pokhara,28.2333,83.9833,58.62,35,99,4.68,NP,1610219396
Elmira,42.0898,-76.8077,37.4,52,1,8.05,US,1610219397
Mwinilunga,-11.7358,24.4293,64.45,96,100,4.18,ZM,1610219399
Wawa,9.9022,4.4192,83.59,17,0,1.05,NG,1610219400
Benghazi,32.1167,20.0667,69.13,50,0,9.1,LY,1610219401
Coquimbo,-29.9533,-71.3436,64.4,68,40,13.8,CL,1610219402
Coron,11.9986,120.2043,76.12,84,98,1.72,PH,1610219404
Corinth,37.9407,22.9573,57.99,71,15,1.01,GR,1610219405
Bhachāu,23.2833,70.35,65.62,57,0,12.82,IN,1610219406
Hanstholm,57.1167,8.6167,32.0,78,100,15.68,DK,1610219407
Baharly,38.4362,57.4316,38.68,64,0,4.05,TM,1610219408
Mokrous,51.2333,47.5167,33.24,98,100,17.36,RU,1610219410
Pringsewu,-5.3582,104.9744,72.03,93,100,2.82,ID,1610219129
Nānākuli,21.3906,-158.1547,75.2,64,1,3.44,US,1610219412
Arrondissement de Fontenay-le-Comte,46.5833,-1.0,33.8,86,0,12.66,FR,1610219413
Akom,2.6678,12.7109,75.15,49,93,2.91,CM,1610219414
Javorník,50.3908,17.0027,26.01,77,28,1.99,CZ,1610219416
Zhuhai,22.2769,113.5678,53.6,43,0,13.8,CN,1610219417
Talā,30.6803,30.9429,56.08,88,0,5.28,EG,1610219418
Walajapet,12.9333,79.3833,72.68,85,100,3.53,IN,1610219419
Labuhan,-6.8844,112.2051,77.18,85,100,8.39,ID,1610219420
Orotukan,62.2667,151.7,-25.91,83,100,1.57,RU,1610219422
Terrace,54.5163,-128.6035,32.0,100,90,2.3,CA,1610219423
Sarkand,45.41,79.9186,10.63,65,0,4.09,KZ,1610219424
Yangambi,0.8102,24.4336,74.93,71,94,1.54,CD,1610219225
Colina,-20.7133,-48.5408,84.97,63,90,7.38,BR,1610219426
Tual,-5.6667,132.75,83.55,75,100,10.4,ID,1610219428
Batagay,67.6333,134.6333,-20.2,86,99,0.92,RU,1610219429
Sabang,5.8933,95.3214,80.82,77,100,10.36,ID,1610219430
Coahuayana Viejo,18.7333,-103.6833,78.8,57,40,11.5,MX,1610219431
Zyryanka,65.75,150.85,-27.83,86,98,4.29,RU,1610219432
Necochea,-38.5473,-58.7368,86.0,48,0,14.9,AR,1610219185
Muş Province,39.0,41.75,18.14,89,41,3.24,TR,1610219435
Turaif,31.6725,38.6637,46.4,61,0,8.05,SA,1610219436
Luncaviţa,45.2833,28.2667,32.0,93,75,2.3,RO,1610219437
Nabire,-3.3667,135.4833,76.28,86,100,3.85,ID,1610219439
Makueni Boma,-1.8041,37.6203,63.84,96,100,4.88,KE,1610219440
Sibolga,1.7427,98.7792,75.47,86,100,1.83,ID,1610219441
Kapit,2.0167,112.9333,74.32,94,100,0.83,MY,1610219442
Luwuk,-0.9516,122.7875,77.72,76,6,4.12,ID,1610219444
Salalah,17.0151,54.0924,71.6,28,0,10.36,OM,1610219445
Zemio,5.0314,25.1361,76.03,43,25,1.32,CF,1610219446
Valparaíso,-33.0393,-71.6273,71.6,46,0,10.36,CL,1610219251
Taltal,-25.4,-70.4833,70.75,59,34,8.14,CL,1610219448
Long Xuyen,10.3833,105.4167,73.4,100,20,2.3,VN,1610219450
Khandyga,62.6667,135.6,-33.16,83,100,1.36,RU,1610219451
Ampanihy,-24.7,44.75,78.67,69,0,7.14,MG,1610219452
Linhares,-19.3911,-40.0722,84.36,68,4,9.8,BR,1610219453
Nanyuki,0.0167,37.0728,57.63,78,55,2.06,KE,1610219454
Real,14.6625,121.6047,77.0,73,75,19.46,PH,1610219455
Matagami,49.7502,-77.6328,21.2,100,90,9.22,CA,1610219457
Ullapool,57.8987,-5.1604,37.99,55,87,5.99,GB,1610219458
Grenville,12.1167,-61.6167,86.0,70,20,23.02,GD,1610219459
Tezu,27.9167,96.1667,63.86,36,97,3.56,IN,1610219460
Santa Rosalía,27.3167,-112.2833,69.82,25,0,4.27,MX,1610219461
Kahului,20.8947,-156.47,75.2,73,40,11.5,US,1610219432
Linhai,28.85,121.1167,30.0,59,1,2.57,CN,1610219464
Bud,39.447,-86.1758,33.01,69,90,4.41,US,1610219465
Kavaratti,10.5669,72.642,82.51,75,100,6.69,IN,1610219466
Mumford,5.2618,-0.759,80.29,82,100,14.16,GH,1610219468
Muslyumovo,55.3033,53.1947,13.28,96,100,4.09,RU,1610219469
Tura,25.5198,90.2201,61.79,51,100,2.89,IN,1610219470
Warangal,18.0,79.5833,67.46,71,32,8.32,IN,1610219242
Kumul,42.8,93.45,9.01,92,6,0.6,CN,1610219472
Bowmore,34.9421,-79.3031,50.0,46,1,4.61,US,1610219474
Aksu,41.1231,80.2644,10.96,86,0,3.22,CN,1610219475
Yarmouth,41.7057,-70.2286,34.0,75,90,11.5,US,1610219476
Lebedinyy,58.5167,125.5167,-11.96,89,100,13.85,RU,1610219477
Alpena,45.0617,-83.4327,32.0,74,90,8.05,US,1610219478
Hambantota,6.1241,81.1185,75.2,100,75,4.61,LK,1610219480
Doctor Juan León Mallorquín,-25.4,-55.2667,87.8,66,75,4.61,PY,1610219482
Santa Clara,22.4,-79.9667,75.2,57,40,8.05,CU,1610219239
Coyhaique,-45.5752,-72.0662,50.0,81,90,5.75,CL,1610219484
Bay Roberts,47.5999,-53.2648,35.6,80,40,12.66,CA,1610219485
General Roca,-39.0333,-67.5833,89.6,10,0,19.57,AR,1610219487
Tiznit Province,29.5833,-9.5,47.62,82,52,9.55,MA,1610219488
Dingle,10.9995,122.6711,74.28,92,100,14.25,PH,1610219489
Beyneu,45.3167,55.2,30.78,85,0,14.7,KZ,1610219490
Lichinga,-13.3128,35.2406,64.4,94,90,4.61,MZ,1610219491
Korla,41.7597,86.1469,12.87,89,0,0.25,CN,1610219493
Visby,57.6409,18.296,32.0,93,75,6.91,SE,1610219494
Atasū,48.6814,71.6433,-0.06,83,100,6.55,KZ,1610219495
Bellinge,55.3354,10.3204,35.6,93,90,4.97,DK,1610219496
Saltpond,5.2091,-1.0606,80.35,81,100,14.29,GH,1610219497
Altenburg,50.9833,12.45,33.01,93,90,4.61,DE,1610219499
Lundazi,-12.2929,33.1782,64.53,97,100,6.15,ZM,1610219500
Lázaro Cárdenas,17.9583,-102.2,82.92,56,6,6.42,MX,1610219501
Shahe,39.2708,113.5478,6.44,79,0,8.01,CN,1610219502
Diego de Almagro,-26.3667,-70.05,84.15,16,0,15.52,CL,1610219504
Taoudenni,22.6783,-3.9836,79.12,29,98,11.43,ML,1610219505
Bahía Blanca,-38.7196,-62.2724,92.89,12,12,17.56,AR,1610219411
Leshukonskoye,64.8989,45.7622,-4.14,92,72,4.59,RU,1610219507
Muaná,-1.5283,-49.2167,82.09,83,100,5.75,BR,1610219508
